scope,budget,label,reference,cell,error_ratio,error_ratio_ci90,routed_gain,routed_gain_retention,routed_gain_retention_ci90,band,band_delta,band_delta_ci90,mean_bits,evict_frac,tier0_frac,tier1_frac,tier2_frac,tier3_frac,tier4_frac,tier5_frac,tier6_frac,tier8_frac,median_cell_error_ratio,worst_cell_error_ratio,worst_cell_band_delta,pass
cell,2,full,full,llama31-8b@131072,1.0,"(1.0, 1.0)",2.057478456946738,1.0,"(1.0, 1.0)",0.4739040798611111,0.0,"(0.0, 0.0)",1.999994562239477,0.6512589527634735,0.6512589527634735,0.0005156533656045287,0.002472827895735955,0.022139161799769033,0.07686016106769028,0.06993166602790675,0.07177791168288057,0.10504366539693939,,,,
cell,2,full,full,llama31-8b@32768,1.0,"(1.0, 1.0)",2.294942671108788,1.0,"(1.0, 1.0)",0.5987413194444444,0.0,"(0.0, 0.0)",1.9999797118285392,0.6207298579033738,0.6207298579033738,0.0010064084146471735,0.0036081289897192783,0.045198707819020995,0.097931571997742,0.08035425276909079,0.07335260335513981,0.07781846875126622,,,,
cell,2,full,full,qwen3-30b-a3b-2507@8192,1.0,"(1.0, 1.0)",1.7019561166210888,1.0,"(1.0, 1.0)",0.32666015625,0.0,"(0.0, 0.0)",1.999879867354255,0.631596264684794,0.631596264684794,1.7235673708013896e-07,0.001852949828102881,0.039799411229386135,0.07744930413840016,0.08625414805213906,0.08433719642233375,0.07871055328810693,,,,
cell,2,full,full,qwen3-8b@8192,1.0,"(1.0, 1.0)",2.0606154754670163,1.0,"(1.0, 1.0)",0.4755497685185186,0.0,"(0.0, 0.0)",1.999898985813482,0.6408398721889662,0.6408398721889662,0.0,0.0008531306839630736,0.03291499773662854,0.07952849968705009,0.07785022404926142,0.07601179649594146,0.09200147915818924,,,,
macro,2,full,full,macro,1.0,"(1.0, 1.0)",,1.0,"(1.0, 1.0)",,0.0,"(0.0, 0.0)",,,,,,,,,,,1.0,1.0,0.0,
cell,2,no1,full,llama31-8b@131072,1.0084618579290827,"(1.0067838182920834, 1.01021579002967)",2.0534566559621643,0.9980452767459147,"(0.9976521819670456, 0.9984356046996947)",0.4732530381944444,-0.0006510416666666666,"(-0.0008138020833333611, -0.00048828124999997224)",1.9999945568413031,0.6514943077479659,0.6514943077479659,,0.00277077290737413,0.0221350160022028,0.07685463513699327,0.06992773255851448,0.07177476274809719,0.10504277289885221,,,,
cell,2,no1,full,llama31-8b@32768,1.0013644004499869,"(0.9995149273003356, 1.003074957899473)",2.2972078620633973,1.0009870359652668,"(1.0006668305408932, 1.0013070889768767)",0.5990125868055555,0.0002712673611110957,"(-5.425347222220064e-05, 0.0005425347222221913)",1.9999796039127336,0.6211785358512998,0.6211785358512998,,0.004217292129409641,0.045180146300450495,0.09791419035864653,0.08034507992561118,0.07334781189336928,0.07781694354121313,,,,
cell,2,no1,full,qwen3-30b-a3b-2507@8192,1.0000004673265745,"(1.0, 1.000001401980379)",1.701956012786105,0.9999999389907984,"(0.9999998779816005, 1.0)",0.32666015625,0.0,"(0.0, 0.0)",1.999879924806501,0.6315963795892854,0.6315963795892854,,0.001852949828102881,0.039799468681631825,0.07744930413840016,0.08625409059989336,0.08433725387457945,0.07871055328810693,,,,
cell,2,no1,full,qwen3-8b@8192,1.0,"(1.0, 1.0)",2.0606154754670163,1.0,"(1.0, 1.0)",0.4755497685185186,0.0,"(0.0, 0.0)",1.999898985813482,0.6408398721889662,0.6408398721889662,,0.0008531306839630736,0.03291499773662854,0.07952849968705009,0.07785022404926142,0.07601179649594146,0.09200147915818924,,,,
macro,2,no1,full,macro,1.0024505464248166,"(1.0018323933270394, 1.0030619768335165)",,0.999757492394098,"(0.9996302996494272, 0.9998872323758086)",,-9.494357638889274e-05,"(-0.00018988715277777393, -1.3563368055557093e-05)",,,,,,,,,,,1.0006824338882807,1.0084618579290827,-0.0006510416666666666,
cell,2,base3_dense,full,llama31-8b@131072,1.0460541496886546,"(1.0407971275706702, 1.0509104040902189)",2.042049566177195,0.9925010681315036,"(0.9918251675928047, 0.9930963151083552)",0.4713541666666666,-0.0025499131944444566,"(-0.0029296875000000278, -0.0020616319444444566)",1.9999944812668682,0.6522929225938137,0.6522929225938137,,,0.024271690611334704,0.07680269930576317,0.06987799558345882,0.07172945047626002,0.10502524142936966,,,,
cell,2,base3_dense,full,llama31-8b@32768,1.062495257381861,"(1.0532487575424736, 1.0722250136092002)",2.2749935289385994,0.9913073461828351,"(0.9908094012665987, 0.9918274711949854)",0.5946180555555556,-0.0041232638888888855,"(-0.004882812499999972, -0.0034179687500000186)",1.9999791146944146,0.6224419205767296,0.6224419205767296,,,0.048356086877345945,0.09781004441181454,0.08028133046202468,0.07331045863584291,0.07780015903624221,,,,
cell,2,base3_dense,full,qwen3-30b-a3b-2507@8192,1.001257641349429,"(1.0012200125432549, 1.001295271569805)",1.6984918878067676,0.9979645604369644,"(0.997767954354504, 0.998126038957338)",0.32552083333333337,-0.0011393229166666574,"(-0.0016276041666666574, -0.0006510416666666297)",1.9998765351240049,0.6321852651076425,0.6321852651076425,,,0.041098119243284985,0.0774385605684555,0.08624828792307834,0.08432582087768646,0.07870394627985218,,,,
cell,2,base3_dense,full,qwen3-8b@8192,1.0035950897680461,"(1.0030721675026897, 1.0040921224271377)",2.0592051030199774,0.9993155576749617,"(0.9992572996301697, 0.9993724779135332)",0.47521219135802467,-0.00033757716049383674,"(-0.0005304783950617434, -0.00019290123456790673)",1.9998964068365257,0.6411126053856802,0.6411126053856802,,,0.03351002644957911,0.07952349493968973,0.07784644495431585,0.07600965160421559,0.09199777666651959,,,,
macro,2,base3_dense,full,macro,1.0280077400318781,"(1.0253811161736817, 1.0306590102543862)",,0.9952662307502794,"(0.995047907197681, 0.9954704205304171)",,-0.0020375192901234593,"(-0.0022801528742283986, -0.0018084490740740676)",,,,,,,,,,,1.0248246197283504,1.062495257381861,-0.0041232638888888855,
cell,2,nested3,full,llama31-8b@131072,1.0583156689929853,"(1.0530218077546158, 1.0635002281485733)",2.0239580344266455,0.9837080080197602,"(0.9830766791349307, 0.9842915745701483)",0.4673936631944445,-0.006510416666666667,"(-0.006998697916666667, -0.005913628472222219)",1.9999942113581726,0.6551126083550258,0.6551126083550258,,,0.024195171496098573,0.10203829864759477,,0.11498793486537444,0.10366598663590638,,,,
cell,2,nested3,full,llama31-8b@32768,1.069829983091321,"(1.0605924537646476, 1.0799493138861553)",2.2537766516147526,0.9820622885215056,"(0.9810531643337783, 0.9832195109919588)",0.5906575520833334,-0.008083767361111105,"(-0.00889756944444442, -0.00721571180555558)",1.9999774024302985,0.6256299117519218,0.6256299117519218,,,0.04820205505075899,0.1274756173589854,,0.12203527943229495,0.07665713640603877,,,,
cell,2,nested3,full,qwen3-30b-a3b-2507@8192,1.0101359343827079,"(1.0081330018004286, 1.011591940002991)",1.677098091503781,0.9853944382733799,"(0.9848317970827145, 0.9859754601044262)",0.3147786458333333,-0.011881510416666671,"(-0.012966579861111133, -0.010850694444444434)",1.999886819075984,0.6365204392109278,0.6365204392109278,,,0.040962991561414155,0.10678993620502639,,0.13798748230470834,0.07773915071792326,,,,
cell,2,nested3,full,qwen3-8b@8192,1.013335666835463,"(1.0120182159206412, 1.0142859547998888)",2.034433543944548,0.9872941206963739,"(0.9865237850453304, 0.9880432381276505)",0.4659529320987654,-0.009596836419753082,"(-0.010802469135802462, -0.008342978395061726)",1.9999047821280267,0.6444068526635062,0.6444068526635062,,,0.03338960609982694,0.10757454213711291,,0.12379709875816898,0.09083190034138505,,,,
macro,2,nested3,full,macro,1.0375661276140975,"(1.0349463001555115, 1.0403458111310973)",,0.9846127940107562,"(0.9842290703871882, 0.9850109286891229)",,-0.009018132716049381,"(-0.0094898365162037, -0.00853437258873457)",,,,,,,,,,,1.0358256679142241,1.069829983091321,-0.011881510416666671,
cell,2,nested4,full,llama31-8b@131072,1.2149155390947666,"(1.206958245296893, 1.2230569372518254)",1.9407757536974108,0.9432787726863923,"(0.9407461240821381, 0.9460425881377369)",0.44574652777777773,-0.028157552083333343,"(-0.03266059027777778, -0.02376030815972228)",1.999994645011477,0.6607036842148297,0.6607036842148297,,,,0.12129275008257047,,0.11460244046980178,0.10340112523279806,,,,
cell,2,nested4,full,llama31-8b@32768,1.3410866521269644,"(1.3224605325050092, 1.3604646449705229)",2.0754485704822376,0.9043574798665873,"(0.8975620204612412, 0.9123565560336214)",0.552517361111111,-0.046223958333333336,"(-0.049207899305555546, -0.043185763888888916)",1.9999781866184863,0.6368616880817669,0.6368616880817669,,,,0.16563537286723834,,0.12129340862921258,0.07620953042178216,,,,
cell,2,nested4,full,qwen3-30b-a3b-2507@8192,1.030906722870142,"(1.0282878856243316, 1.033115674464745)",1.629036800079297,0.9571555836077846,"(0.9540612286118404, 0.9602599746816596)",0.2855902777777778,-0.041069878472222224,"(-0.04541015625000003, -0.036892361111111105)",1.9998887724523375,0.6459977042082621,0.6459977042082621,,,,0.13940442704024414,,0.13725594286029452,0.07734192589119923,,,,
cell,2,nested4,full,qwen3-8b@8192,1.0603192993914126,"(1.0573272377649325, 1.0630221277374436)",1.9795439212549395,0.9606566313913067,"(0.9583760437960196, 0.9627988547904222)",0.4456500771604938,-0.029899691358024682,"(-0.03274498456790124, -0.02768132716049383)",1.9999090463770532,0.6521323951781199,0.6521323951781199,,,,0.1341031502944017,,0.12330959551019008,0.09045485901728824,,,,
macro,2,nested4,full,macro,1.155220112040445,"(1.150772549356057, 1.1597418380132078)",,0.9410934041997434,"(0.9389779278021172, 0.9434507598254551)",,-0.0363377700617284,"(-0.03808902693383488, -0.034572874469521606)",,,,,,,,,,,1.1376174192430897,1.3410866521269644,-0.046223958333333336,
transition,2,no1,full,macro,,,,,,,,,,,,,,,,,,,1.0006824338882807,1.0084618579290827,,True
transition,2,base3_dense,no1,macro,,,,,,,,,,,,,,,,,,,1.020435975016011,1.0610475636086159,,True
transition,2,nested3,base3_dense,macro,,,,,,,,,,,,,,,,,,,1.0092864128054517,1.0117216869776582,,True
cell,3,full,full,llama31-8b@131072,1.0,"(1.0, 1.0)",1.7696267267073496,1.0,"(1.0, 1.0)",0.3395182291666667,0.0,"(0.0, 0.0)",2.9999947889627814,0.5046840638823644,0.5046840638823644,0.0005189372547357675,0.0024726011724315517,0.024537671235834616,0.0888843523435042,0.0880890915630486,0.10078574595911415,0.19002753658896673,,,,
cell,3,full,full,llama31-8b@32768,1.0,"(1.0, 1.0)",2.1911378220752056,1.0,"(1.0, 1.0)",0.501681857638889,0.0,"(0.0, 0.0)",2.9999810355957552,0.46529265816831133,0.46529265816831133,0.0006826681921069402,0.0032189989833467784,0.0491605776252491,0.1158522793199474,0.10726153369597649,0.11129421065948011,0.14723707335558184,,,,
cell,3,full,full,qwen3-30b-a3b-2507@8192,1.0,"(1.0, 1.0)",1.6661075958252551,1.0,"(1.0, 1.0)",0.31217447916666663,0.0,"(0.0, 0.0)",2.999887565955178,0.47367515121431064,0.47367515121431064,3.4471347416027793e-07,0.0019052888239295498,0.04324832699060541,0.094046798301252,0.11677197663302263,0.12826616016766865,0.14208595315573694,,,,
cell,3,full,full,qwen3-8b@8192,1.0,"(1.0, 1.0)",1.9230698009103628,1.0,"(1.0, 1.0)",0.41256751543209874,0.0,"(0.0, 0.0)",2.999905292816533,0.48819456700968594,0.48819456700968594,0.0,0.0008516752217205218,0.03618348077931883,0.09456569721646166,0.10222579499901131,0.11178527100809094,0.16619351376571082,,,,
macro,3,full,full,macro,1.0,"(1.0, 1.0)",,1.0,"(1.0, 1.0)",,0.0,"(0.0, 0.0)",,,,,,,,,,,1.0,1.0,0.0,
cell,3,no1,full,llama31-8b@131072,1.0027649157177994,"(1.0021371107170616, 1.0033478533262365)",1.769195252326947,0.9997561777442153,"(0.9991122527125635, 1.0005019595804983)",0.3392469618055556,-0.0002712673611111142,"(-0.0005425347222222191, -9.25185853854297e-18)",2.999994769169477,0.5049092163181587,0.5049092163181587,,0.002784005631029544,0.024538817448095766,0.08888107385254689,0.088083077997308,0.10077992492824316,0.19002388382461802,,,,
cell,3,no1,full,llama31-8b@32768,0.9822135497426807,"(0.9794704613073002, 0.9847001330678528)",2.1985548153548486,1.0033849962357082,"(1.0030174771703584, 1.0037442895964686)",0.5039605034722222,0.002278645833333315,"(0.0017903645833332777, 0.0027669270833333426)",2.999981049984529,0.46555862746289767,0.46555862746289767,,0.003687331996673776,0.04915549119360982,0.11583617108735851,0.10724511610474476,0.11128422485026467,0.1472330373044508,,,,
cell,3,no1,full,qwen3-30b-a3b-2507@8192,1.0000000999695917,"(1.0, 1.0000001999391934)",1.6661069323447368,0.9999996017781084,"(0.9999988053348011, 1.0)",0.31217447916666663,0.0,"(0.0, 0.0)",2.9998876234074237,0.4736754384755391,0.4736754384755391,,0.0019052888239295498,0.04324832699060541,0.0940468557534977,0.11677191918077694,0.12826616016766865,0.14208601060798265,,,,
cell,3,no1,full,qwen3-8b@8192,1.0,"(1.0, 1.0)",1.9230698009103628,1.0,"(1.0, 1.0)",0.41256751543209874,0.0,"(0.0, 0.0)",2.999905292816533,0.48819456700968594,0.48819456700968594,,0.0008516752217205218,0.03618348077931883,0.09456569721646166,0.10222579499901131,0.11178527100809094,0.16619351376571082,,,,
macro,3,no1,full,macro,0.9962108645013128,"(0.9954640764357837, 0.996876539293715)",,1.0007840646742903,"(1.0005973123978726, 1.0009907016528117)",,0.0005018446180555502,"(0.00035264756944444525, 0.0006374782986111142)",,,,,,,,,,,1.0000000499847959,1.0027649157177994,-0.0002712673611111142,
cell,3,base3_dense,full,llama31-8b@131072,1.0217570538475578,"(1.0193796632941727, 1.0245823399767513)",1.7568006950445794,0.992752125931871,"(0.9919554737991603, 0.9936316305348358)",0.33637152777777785,-0.003146701388888886,"(-0.0037977430555555434, -0.002604166666666676)",2.999994722385303,0.5056588535320813,0.5056588535320813,,,0.026751176254898375,0.08885627104280168,0.08803649175642703,0.10072200432153332,0.18997520309225827,,,,
cell,3,base3_dense,full,llama31-8b@32768,1.002196503434036,"(0.9974116643520751, 1.0074275969887605)",2.1827229182438814,0.9961595734661023,"(0.99541652879502, 0.9967560208449393)",0.5003255208333334,-0.0013563368055555618,"(-0.0023328993055555616, -0.00048828124999999073)",2.999980639904468,0.4665201069304624,0.4665201069304624,,,0.052230926183516956,0.11572943516119111,0.10712722887866097,0.11120222322675051,0.14719007961941807,,,,
cell,3,base3_dense,full,qwen3-30b-a3b-2507@8192,1.0006504268700505,"(1.0005778744193556, 1.000715978982124)",1.663248191467292,0.9982837816926542,"(0.9982155198875199, 0.9983587700142591)",0.3116319444444444,-0.0005425347222222238,"(-0.0007595486111110911, -0.0003255208333333426)",2.999884578438402,0.4742693797915173,0.4742693797915173,,,0.04460098266321034,0.09404145524240251,0.11675715395363374,0.12825909354144835,0.14207193480778776,,,,
cell,3,base3_dense,full,qwen3-8b@8192,1.002585079737193,"(1.0023332210140599, 1.0028335548193743)",1.9216773562966039,0.9992759261192184,"(0.9992264250908034, 0.9993210965938726)",0.4124710648148148,-9.645061728395336e-05,"(-0.00019290123456790673, 0.0)",2.999904067164118,0.4884617592361081,0.4884617592361081,,,0.03678647623296547,0.09456084567565315,0.10222117326803057,0.11178128763774291,0.16618845794949985,,,,
macro,3,base3_dense,full,macro,1.0067601980214027,"(1.0053984970783263, 1.0082761399795626)",,0.9966147139784356,"(0.9963447236142927, 0.996884018178281)",,-0.0012855058834876562,"(-0.0015718436535493798, -0.0010156702112268435)",,,,,,,,,,,1.0023907915856145,1.0217570538475578,-0.003146701388888886,
cell,3,nested3,full,llama31-8b@131072,1.0308740494610673,"(1.0283707633283028, 1.034542154829741)",1.743821449534601,0.9854176721094379,"(0.9844224765389986, 0.9864313179588219)",0.3328450520833333,-0.006673177083333333,"(-0.007866753472222229, -0.005533854166666667)",2.9999932180941724,0.5091717691885937,0.5091717691885937,,,0.02673125159498045,0.12005616339313722,,0.15637585842481344,0.18766495739847516,,,,
cell,3,nested3,full,llama31-8b@32768,1.0157305092933369,"(1.0104610111582064, 1.0220016940292733)",2.1596392282915984,0.9856245492792529,"(0.9842642756306659, 0.9868905286035348)",0.49712456597222227,-0.004557291666666685,"(-0.006076388888888913, -0.0030924479166666665)",2.9999761002462435,0.4707335500628041,0.4707335500628041,,,0.052248876179188816,0.1543570632420003,,0.17774143269368903,0.14491907782231775,,,,
cell,3,nested3,full,qwen3-30b-a3b-2507@8192,1.0135414720121227,"(1.0113702115175154, 1.0152052485623175)",1.6393427994575414,0.9839357335415925,"(0.9832308662414676, 0.9848612612755272)",0.29964192708333337,-0.012532552083333329,"(-0.014539930555555552, -0.010362413194444434)",2.99989020875848,0.4800645878146085,0.4800645878146085,,,0.044627927766440534,0.13295656150607615,,0.2023136019340724,0.14003732097880242,,,,
cell,3,nested3,full,qwen3-8b@8192,1.0176910984387557,"(1.0156326365140642, 1.0199939956887039)",1.898330537492991,0.9871355353790797,"(0.9860857196116276, 0.9881173259518291)",0.40586419753086417,-0.006703317901234573,"(-0.007426697530864186, -0.006028163580246919)",2.999900007190494,0.49274556763231736,0.49274556763231736,,,0.03680077551113791,0.1306019720338803,,0.17586184302987815,0.1639898417927863,,,,
macro,3,nested3,full,macro,1.019437021132094,"(1.0177515784904145, 1.0213005801956574)",,0.9855277205278943,"(0.9850091275380509, 0.9860582024322259)",,-0.00761658468364198,"(-0.008341471354166676, -0.006897726176697535)",,,,,,,,,,,1.0167108038660464,1.0308740494610673,-0.012532552083333329,
cell,3,nested4,full,llama31-8b@131072,1.1167021542153526,"(1.1088473925154119, 1.1257227122811928)",1.685870496947296,0.9526701148349548,"(0.949870988523861, 0.9554084692951855)",0.3204752604166667,-0.01904296875,"(-0.022081163194444458, -0.016330295138888878)",2.9999893404059104,0.5151794905062387,0.5151794905062387,,,,0.14165938189094895,,0.15596860399019197,0.18719252361262037,,,,
cell,3,nested4,full,llama31-8b@32768,1.2581455567808222,"(1.236279673602918, 1.280121800214826)",1.994462765542705,0.9102406728818949,"(0.9022164574318423, 0.9194676574969765)",0.47856987847222227,-0.023111979166666675,"(-0.025390625, -0.02094184027777779)",2.9999471356440095,0.48245364541318114,0.48245364541318114,,,,0.1967371684941561,,0.17673751353695866,0.14407167255570413,,,,
cell,3,nested4,full,qwen3-30b-a3b-2507@8192,1.0269581415317868,"(1.0240095114773007, 1.0299152621511563)",1.5985378069443603,0.9594445226405524,"(0.9566096007176, 0.962287845882395)",0.28862847222222227,-0.023546006944444448,"(-0.026909722222222224, -0.020616319444444448)",2.9998910705421653,0.48999693205008,0.48999693205008,,,,0.16935882144761275,,0.20134909363337194,0.13929515286893535,,,,
cell,3,nested4,full,qwen3-8b@8192,1.0587707431019195,"(1.0546483826492556, 1.0632365827209638)",1.8533883371955775,0.9637655046728939,"(0.9613165608432824, 0.9662021419523309)",0.39554398148148145,-0.017023533950617276,"(-0.01847029320987653, -0.015383873456790117)",2.9998985772626767,0.5009949744165486,0.5009949744165486,,,,0.1603868577785622,,0.17529709814534278,0.16332106965954643,,,,
macro,3,nested4,full,macro,1.1117463930429006,"(1.1063209596903831, 1.1173057552113792)",,0.9462861989867479,"(0.9439024508902479, 0.9488532108586423)",,-0.020681122202932098,"(-0.02196662808641976, -0.01943170994888117)",,,,,,,,,,,1.087736448658636,1.2581455567808222,-0.023546006944444448,
transition,3,no1,full,macro,,,,,,,,,,,,,,,,,,,1.0000000499847959,1.0027649157177994,,True
transition,3,base3_dense,no1,macro,,,,,,,,,,,,,,,,,,,1.0107624254978536,1.020344815744591,,True
transition,3,nested3,base3_dense,macro,,,,,,,,,,,,,,,,,,,1.013193504716193,1.015067069126465,,True
